car_id;provider_id;category_id;car_name;car_model;car_year;car_color;car_km;car_price
5714;Pr7670;HSO;Toyota;Camry;2019;DarkBlue;254760;21475
10726;Pr7893;YDU;Ford;Mustang;2014;Turquoise;107930;40858
16526;Pr8017;IUE;Honda;Civic;2000;Snow;265553;42863
10251;Pr8030;INJ;Chevrolet;Corvette;2020;OrangeRed;28751;16273
8679;Pr7793;WPZ;BMW;3 Series;2015;LightSkyBlue;5836;27941
2990;Pr7190;MSR;Mercedes-Benz;C-Class;1996;BlueViolet;212480;21713
3842;Pr7587;XTQ;Volkswagen;Golf;2014;DarkGreen;169663;41293
2874;Pr7024;TAH;Nissan;Altima;2018;SeaShell;159697;33304
3764;Pr8003;ULH;Audi;A4;2003;BurlyWood;129997;29530
10010;Pr7846;GBI;Hyundai;Elantra;2011;Green;197363;33103
11252;Pr8022;PTO;Subaru;Outback;2018;DarkSeaGreen;222822;29612
2342;Pr7352;GBR;Kia;Soul;2019;Cyan;137559;34776
9063;Pr7485;QKH;Porsche;911;2022;LightSlateGray;196814;29017
16280;Pr7212;DCV;Dodge;Charger;2015;GreenYellow;236738;36055
9019;Pr7589;MFV;Jeep;Wrangler;2009;OrangeRed;187857;39971
6278;Pr7066;YBN;Tesla;Model S;2023;PaleVioletRed;205034;41876
7516;Pr7732;XAP;Lexus;RX;2002;DodgerBlue;183555;25752
18666;Pr7096;VGQ;GMC;Sierra;2017;Teal;173404;40943
11217;Pr7598;FJV;Mazda;MX-5;1998;Cyan;131952;17859
6701;Pr7026;JDM;Cadillac;Escalade;2007;Olive;972;19974
11360;Pr7022;BCR;Buick;Enclave;2000;DarkGray;218771;28956
7188;Pr7434;XQF;Mini;Cooper;2000;LightSkyBlue;63440;19972
17910;Pr7582;YFV;Chrysler;300;2022;DarkViolet;5419;29167
10026;Pr7843;AVM;Acura;MDX;2022;Chocolate;230863;22447
8505;Pr7910;FTS;Infiniti;Q50;2020;DarkOliveGreen;115280;23979
5863;Pr7589;ONY;Jaguar;F-Type;2011;DarkBlue;228059;23741
4027;Pr7497;IVC;Land Rover;Discovery;2007;White;48543;38192
18481;Pr7685;AZV;Volvo;XC90;2019;DarkSalmon;181551;43940
7476;Pr7650;PXI;Mitsubishi;Outlander;2005;LightCoral;21168;24223
3536;Pr7780;MLJ;Tesla;Model 3;2005;DarkBlue;188688;20673
11417;Pr7149;RYO;Ferrari;488;2002;Cyan;224716;40028
8075;Pr7394;AKO;Lamborghini;Huracan;1996;LightPink;175291;40299
17327;Pr7603;FSM;McLaren;720S;2014;Crimson;51592;40582
13457;Pr7754;OHL;Bugatti;Veyron;2023;DimGray;226723;43696
3594;Pr7326;QPG;Aston-Martin;DB11;2023;DarkMagenta;180235;15420
11598;Pr7870;UCQ;Rolls-Royce;Phantom;1997;Snow;249895;38549
4696;Pr8110;ZXP;Maserati;GranTurismo;2011;Salmon;83785;25786
14246;Pr7322;FGD;Alfa Romeo;Giulia;2020;Silver;168415;21310
11254;Pr7559;RXW;Genesis;G70;2005;Khaki;89516;28903
8562;Pr7018;VYY;Bentley;Continental GT;2008;Snow;64190;24547
4069;Pr7950;DZV;Kia;Optima;2001;LightPink;196038;25656
14050;Pr7019;LTS;Subaru;Impreza;2021;LightSalmon;149731;21414
11323;Pr7440;FSA;Dodge;Challenger;2015;MediumPurple;23322;22533
15779;Pr7090;PYN;Ford;F-150;1997;LimeGreen;65370;36481
14856;Pr7835;YTW;Chevrolet;Silverado;2007;SlateGray;148731;33875
7679;Pr8159;WPX;Toyota;Prius;1996;PaleGoldenRod;79639;23860
16010;Pr7875;XIQ;Nissan;Rogue;1997;Crimson;184761;29381
8147;Pr7145;UMF;Honda;Fit;1998;DarkGray;197610;15158
16255;Pr7845;UME;Volkswagen;Jetta;2013;PapayaWhip;159890;17133
9767;Pr7073;VAF;Porsche;Cayenne;2001;SpringGreen;38611;41372
13917;Pr7330;OHK;BMW;5 Series;2009;MediumTurquoise;78130;41209
11541;Pr7482;QMU;Mercedes-Benz;E-Class;2013;LightPink;146576;27480
10903;Pr7025;OOK;Audi;Q5;2007;DarkOrchid;168711;25979
17254;Pr7646;SVS;Hyundai;Sonata;1996;MediumPurple;112288;17390
13122;Pr8167;BXI;Jeep;Grand Cherokee;2013;OliveDrab;189142;33480
8859;Pr7698;RHK;GMC;Acadia;2007;Lime;127824;42099
14712;Pr7529;NEA;Cadillac;CTS;1998;GhostWhite;45714;43195
6635;Pr7845;CUK;Lexus;ES;2019;Khaki;193633;31244
10171;Pr7836;FWM;Mazda;CX-5;2015;LimeGreen;208874;17773
5555;Pr7223;QWU;Buick;Regal;2020;Cornsilk;107804;21594
4376;Pr7239;LDF;Mini;Countryman;2007;Cyan;13906;41092
11591;Pr7548;HZL;Acura;RDX;2018;LightGray;234617;33088
8668;Pr7414;TNL;Infiniti;QX60;2012;MediumSlateBlue;248631;20302
13809;Pr8063;KMH;Jaguar;XF;2014;Violet;180817;15579
3725;Pr7328;OKJ;Land Rover;Range Rover;2008;SkyBlue;250650;18250
14114;Pr7404;QDL;Volvo;S60;2010;Plum;130491;20376
8281;Pr7391;MOX;Mitsubishi;Eclipse;2013;LimeGreen;232498;18474
2611;Pr7889;JNV;Tesla;Model X;2019;ForestGreen;2983;18292
5995;Pr8000;GSJ;Ferrari;F8 Tributo;2001;MediumSpringGreen;180551;23923
13990;Pr7459;CTZ;Lamborghini;Aventador;1996;Azure;139457;40429
11375;Pr7957;TON;McLaren;570S;1998;Purple;238450;30723
8019;Pr8000;FCD;Bugatti;Chiron;2018;OrangeRed;34363;17938
17424;Pr7137;LUI;Aston-Martin;Vantage;1996;CadetBlue;236853;21173
7400;Pr7493;WEA;Rolls-Royce;Wraith;2020;DeepSkyBlue;7157;39317
14203;Pr8002;XDI;Maserati;Levante;2016;DarkGoldenRod;185579;42369
12605;Pr7399;AOQ;Alfa Romeo;Stelvio;1996;MediumVioletRed;241232;41305
16221;Pr8138;BKU;Genesis;G90;2016;Plum;145375;18893
15408;Pr7759;AAV;Bentley;Bentayga;2018;AliceBlue;112521;24867
17152;Pr8069;QVG;Kia;Sportage;2005;LightGoldenRodYellow;177516;44990
12798;Pr7293;UIA;Subaru;Crosstrek;2003;SaddleBrown;251096;38540
6062;Pr8053;RKP;Dodge;Durango;2019;Purple;116997;24636
15501;Pr7985;CBP;Ford;Escape;2010;YellowGreen;250414;43066
13939;Pr7693;YCW;Chevrolet;Equinox;2006;Orange;234970;30521
4633;Pr7407;IJG;Toyota;RAV4;2022;SpringGreen;35029;39766
13460;Pr7411;ASG;Honda;CR-V;1999;OrangeRed;229114;18121
7241;Pr7017;LVW;Nissan;Murano;2012;PaleVioletRed;24821;25594
18385;Pr7970;PLK;Volkswagen;Tiguan;2018;MediumTurquoise;225800;36627
14196;Pr8001;ZHH;Porsche;Panamera;2000;SeaGreen;61501;42589
2457;Pr7551;IIC;BMW;7 Series;2003;Gold;99976;35876
7832;Pr7829;SWY;Mercedes-Benz;S-Class;2019;HoneyDew;157412;34881
4622;Pr7875;AWJ;Audi;A6;2022;Khaki;220036;38934
11261;Pr7105;FDX;Hyundai;Tucson;2022;DarkOrange;166178;15355
18519;Pr7523;OBD;Jeep;Compass;2013;GreenYellow;232405;21784
11279;Pr7516;EWD;GMC;Terrain;2009;DarkRed;177212;39367
12378;Pr7599;WLX;Cadillac;XT5;2017;DarkSlateBlue;212504;26423
14943;Pr8195;OIX;Lexus;GX;2006;LightGray;249325;22401
9567;Pr7244;NTZ;Mazda;Three;1999;Chocolate;136833;15796
18610;Pr7998;OPD;Buick;Encore;2005;LightSalmon;61836;15123
12083;Pr7219;NIZ;Mini;Clubman;2009;Indigo;153367;17635
10156;Pr7560;PGU;Acura;TLX;2005;LightBlue;179964;42654
14980;Pr8105;NOV;Infiniti;QX30;2009;LightGoldenRodYellow;4610;26098
15488;Pr7151;MVC;Jaguar;E-PACE;1997;Maroon;266016;37771
12804;Pr7372;FKS;Land Rover;Defender;2016;MediumSlateBlue;198737;41057
17180;Pr7074;TNB;Volvo;V60;1998;DeepPink;136381;23133
5581;Pr7076;FEQ;Mitsubishi;Mirage;2017;LawnGreen;57656;28637
12463;Pr8096;QCG;Tesla;Model Y;2005;PaleVioletRed;36999;17883
3039;Pr7536;YZQ;Ferrari;SF90 Stradale;2003;Red;2334;39955
3341;Pr7346;SJD;Lamborghini;Urus;1999;Silver;76655;23465
16648;Pr7325;WZX;McLaren;600LT;2007;MediumBlue;232363;25970
12706;Pr7560;TLX;Bugatti;Divo;2014;DarkRed;142311;38979
3824;Pr7189;CPF;Aston-Martin;Superleggera;1999;Lavender;95034;15412
4594;Pr7124;ZNI;Rolls-Royce;Ghost;2017;Pink;222731;41062
11780;Pr7353;QGT;Maserati;Ghibli;2013;LimeGreen;196868;36784
8579;Pr7442;NNE;Alfa Romeo;4C;2018;DimGray;159985;26612
2816;Pr8012;HSJ;Genesis;G80;2018;Thistle;67735;15135
11410;Pr7133;KVZ;Bentley;Mulsanne;2013;MediumSeaGreen;98642;38163
17257;Pr7283;AAE;Kia;Sorento;2022;Magenta;160896;16127
17198;Pr7701;KIY;Subaru;Legacy;2004;WhiteSmoke;188192;42543
3931;Pr7599;NFM;Dodge;Journey;2023;BurlyWood;253318;34451
9086;Pr7574;SHA;Ford;Explorer;1996;PeachPuff;9503;24867
14882;Pr7738;XGF;Chevrolet;Traverse;2005;Linen;147509;22301
15281;Pr7329;XAV;Toyota;Highlander;2003;Wheat;215500;25235
7096;Pr7357;DXA;Honda;HR-V;2002;Blue;82881;29474
18119;Pr7002;BXW;Nissan;Pathfinder;2002;Khaki;22708;25147
11752;Pr8164;HBX;Volkswagen;Passat;2001;Gray;3948;41436
16545;Pr7369;BTT;Porsche;911 Turbo;2007;DarkCyan;148455;23126
15305;Pr7723;ZMK;BMW;M3;2019;BlueViolet;253796;39733
10118;Pr7159;XCO;Mercedes-Benz;AMG GT;2006;MediumBlue;2653;42736
16249;Pr7279;AZG;Audi;A8;2019;CadetBlue;91405;24178
13236;Pr7311;FRO;Hyundai;Santa Fe;2011;MediumAquaMarine;26134;15002
13277;Pr8107;WBJ;Jeep;Cherokee;1996;DarkOliveGreen;124757;32323
11320;Pr7978;AYL;GMC;Yukon;2021;GreenYellow;218369;17179
10116;Pr7641;MRT;Cadillac;XT4;2005;SlateBlue;143042;41109
14573;Pr7690;UXF;Lexus;LX;2021;Silver;129791;18500
18145;Pr7076;AJE;Mazda;CX-9;2006;MistyRose;116387;26627
6288;Pr7093;XIN;Buick;Cascada;2020;Black;69801;32549
2383;Pr7052;YIE;Mini;Convertible;2021;Purple;149152;37915
14158;Pr7367;ZZB;Acura;ILX;2004;MediumSlateBlue;122345;27026
16738;Pr7835;GMM;Infiniti;QX80;2012;LightSlateGray;121682;25626
3933;Pr7669;PXK;Jaguar;I-PACE;2011;LightGreen;136285;19271
5711;Pr8052;EKI;Land Rover;Range Rover Sport;1999;LightCoral;62084;31224
18279;Pr7763;GFQ;Volvo;XC60;2017;LightSalmon;97226;32728
9945;Pr7756;XQO;Mitsubishi;Lancer;2019;MediumBlue;230559;44215
14519;Pr7815;NBL;Tesla;Model Roadster;1998;BlanchedAlmond;85224;41447
6070;Pr7836;MQJ;Ferrari;Portofino;1996;NavajoWhite;156918;30973
16115;Pr8169;SLF;Lamborghini;Gallardo;2021;Red;260853;34684
13785;Pr7012;EUY;McLaren;650S;2016;Pink;35286;33382
6396;Pr7401;ANX;Bugatti;La Voiture Noire;2009;DarkGray;118257;21443
18602;Pr7152;DFD;Aston-Martin;Rapide;2013;Moccasin;238496;20713
15011;Pr7569;ROK;Rolls-Royce;Cullinan;1999;WhiteSmoke;99267;44153
10921;Pr7871;UDW;Maserati;Quattroporte;2014;Blue;16482;41897
15840;Pr7386;ZXT;Alfa;Romeo 8C;2022;SlateGray;111153;37998
8136;Pr7929;AVW;Genesis;GV80;2006;Yellow;156164;44746
11549;Pr7337;FAR;Bentley;Continental;1996;DarkRed;113414;30433
16451;Pr7620;QIP;Kia;Cadenza;2000;HoneyDew;78420;27881
2105;Pr7594;QKY;Subaru;Ascent;2007;Peru;98505;30954
4982;Pr7779;MZH;Dodge;Grand Caravan;2010;PapayaWhip;33421;37178
7438;Pr7631;MHG;Ford;Edge;2013;DarkGreen;21103;35189
16876;Pr7967;DRG;Chevrolet;Blazer;2022;Magenta;260911;24007
16428;Pr7443;DBI;Toyota;4Runner;2014;Black;5112;41100
18210;Pr7614;FYR;Honda;Passport;2003;MidnightBlue;215570;30898
4587;Pr7897;LFL;Nissan;Maxima;1996;Aquamarine;217473;20500
16069;Pr7013;YZT;Volkswagen;Beetle;2007;Aquamarine;205618;34140
14058;Pr7373;CBT;Porsche;718 Cayman;2007;LightGoldenRodYellow;119069;21264
9547;Pr7400;LFV;BMW;X5;2005;Pink;173099;32551
3796;Pr7254;ARM;Mercedes-Benz;GLC;1998;SlateBlue;222195;34771
11184;Pr7722;ATB;Audi;Q7;2013;Indigo;94830;23198
4409;Pr8193;WWP;Hyundai;Kona;1999;BlueViolet;6099;26699
5586;Pr7526;HPB;Jeep;Renegade;2000;SeaShell;58676;32511
8652;Pr7968;LGZ;GMC;Canyon;2007;AliceBlue;56535;40799
8658;Pr7832;DZH;Cadillac;XT6;1999;DeepSkyBlue;246453;42775
7458;Pr7782;LPH;Lexus;RC;2002;Linen;187328;42396
4722;Pr7556;ASS;Mazda;CX-30;2003;DarkSalmon;43362;43804
10447;Pr7114;LTL;Buick;LaCrosse;2014;DarkTurquoise;216333;44158
11306;Pr7494;AUY;Mini;Hardtop;1999;OliveDrab;12207;32349
14561;Pr7613;WHV;Acura;RLX;2005;LemonChiffon;249365;44073
4713;Pr7564;BLM;Infiniti;Q60;1999;OldLace;236174;21635
11382;Pr7501;RIT;Jaguar;XJ;1997;Pink;227077;43968
5748;Pr7157;LQH;Land Rover;Range Rover Evoque;2020;Chartreuse;57771;35996
12559;Pr7213;LAE;Volvo;S90;2004;DarkRed;164631;22483
3020;Pr7009;NEC;Mitsubishi;Outlander Sport;2010;DarkOrange;94690;20857
16786;Pr7146;PVW;Tesla;Cybertruck;2012;IndianRed;226998;28599
17936;Pr7342;EAS;Ferrari;Roma;2012;Violet;139986;17702
16435;Pr7732;YRC;Lamborghini;Centenario;2005;SpringGreen;248951;44394
8188;Pr7048;YXK;McLaren;675LT;2019;LightCoral;29923;37253
12352;Pr7667;NZY;Bugatti;Veyron Super Sport;2006;MediumSlateBlue;4715;38487
4103;Pr7273;JBS;Aston-Martin;V8 Vantage;1997;Green;131565;31775
15284;Pr7402;MJS;Rolls-Royce;Dawn;2018;MidnightBlue;56646;34742
13078;Pr7036;HKN;Maserati;Alfieri;2005;DeepPink;186411;25116
14230;Pr7137;ANJ;Alfa;Romeo 6C;2006;MidnightBlue;149310;15276
10639;Pr8119;HDP;Genesis;GV70;2003;DarkOrange;263095;31777
18495;Pr7219;MOH;Bentley;Bentayga Speed;2021;MediumAquaMarine;221194;15360
7082;Pr7075;PFP;Kia;Telluride;2015;GreenYellow;165374;27587
11872;Pr8044;EOW;Subaru;BRZ;2007;OrangeRed;52126;43049
6586;Pr7041;PVD;Dodge;Nitro;2018;Chartreuse;148782;18139
15042;Pr8186;DOK;Ford;Expedition;2022;MediumSeaGreen;126009;44773
3418;Pr8182;POR;Chevrolet;Trax;2000;DarkKhaki;193662;31037
4903;Pr7611;PXE;Toyota;Sequoia;2003;Silver;4470;26236
12833;Pr7049;CUY;Honda;Element;2012;SteelBlue;167353;15593
3347;Pr7535;MXW;Nissan;Juke;2019;PowderBlue;152699;24882
18661;Pr7500;IEO;Volkswagen;Atlas;2011;LightCoral;220597;34155
5900;Pr7073;XCP;Porsche;Macan;2012;LightGreen;6648;18082
6683;Pr7853;ONL;BMW;X3;2002;Gray;73036;18822
12835;Pr7553;NVE;Mercedes-Benz;GLE;1996;DarkOliveGreen;231354;42432
14716;Pr7526;VOU;Audi;Q3;1996;DarkSlateGray;129560;36498
6619;Pr7376;DSA;Hyundai;Palisade;2013;DarkMagenta;249642;38070
18337;Pr7907;KGM;Jeep;Liberty;1999;DarkViolet;248145;29311
13903;Pr7789;RVR;GMC;Savana;2012;Khaki;165841;42649
11022;Pr7465;DQI;Cadillac;CT6;2001;Orchid;189936;32099
8113;Pr7039;OSM;Lexus;LS;1999;BurlyWood;82304;44925
18107;Pr7359;MWT;Mazda;MX-3;1997;Olive;58480;44066
9923;Pr7215;XYZ;Buick;Century;2019;WhiteSmoke;20742;32921
17661;Pr7914;SGI;Mini;Paceman;2010;Orchid;76336;36992
17242;Pr8118;ORA;Acura;TSX;2015;Turquoise;27211;29195
10243;Pr7118;LAH;Infiniti;QX50;2009;LightYellow;39293;25088
7225;Pr7377;DAK;Jaguar;XE;1999;Blue;69076;36916
6914;Pr7960;VCV;LandRover;Range Rover Velar;2023;Tan;53877;42949
14568;Pr7231;KSR;Volvo;XC40;1997;Tomato;262978;17473
10224;Pr7502;TQG;Mitsubishi;Raider;2004;DarkOrange;229712;43652
11844;Pr7297;NOC;Tesla;Model Cybertruck;2013;PaleTurquoise;247084;17680
10176;Pr7101;KVH;Ferrari;812 Superfast;2001;DarkSeaGreen;208621;26933
3526;Pr7202;CIP;Lamborghini;Reventon;1996;PaleTurquoise;44118;36188
10609;Pr7270;YER;McLaren;P1;2014;Gold;247374;25633
14034;Pr7938;TOL;Bugatti;Chiro Sport;2013;LightSalmon;233428;26119
12624;Pr7838;JUL;Aston-Martin;Valkyrie;2009;MediumSeaGreen;22618;16191
13801;Pr7886;WKB;Rolls-Royce;Wraith BlackBadge;2020;DarkGreen;261495;27619
4674;Pr8041;HXB;Maserati;Kubang;2017;Chartreuse;154375;18205
11289;Pr8034;AMM;Alfa Romeo;TZ3 Stradale;1996;LightSkyBlue;105981;27392
18098;Pr7098;WYL;Genesis;Essentia;2017;CornflowerBlue;155570;21657
12635;Pr7099;CGZ;Bentley;Continental GT Speed;2012;DarkGoldenRod;61763;44657
18399;Pr7297;OZI;Kia;Stinger;2008;MediumBlue;239522;28439
4038;Pr7750;LBW;Subaru;Tribeca;2000;LemonChiffon;246402;20451
13576;Pr7724;RDS;Dodge;Dart;2002;Silver;266660;42078
10955;Pr7199;SPH;Ford;Taurus;1997;HoneyDew;94829;44340
7078;Pr7598;ZSK;Chevrolet;Spark;1996;FloralWhite;216133;36104
11233;Pr7490;VXB;Toyota;Tundra;2007;Aqua;6135;25841
13652;Pr7807;KNW;Honda;Ridgeline;1996;MediumBlue;54259;35874
12899;Pr8002;XLU;Nissan;Armada;2010;NavajoWhite;164196;37434
9947;Pr7393;ZRP;Volkswagen;Touareg;1998;SkyBlue;164374;35682
16863;Pr7909;ARO;Porsche;718 Boxster;2007;Ivory;157269;18438
12697;Pr7538;FGP;BMW;X7;2012;LightCyan;62336;30580
14452;Pr7485;ZUQ;Mercedes-Benz;GLA;2009;BlanchedAlmond;18848;19472
7066;Pr7168;UVY;Audi;Q8;1999;MediumOrchid;200501;24709
10643;Pr7170;CQW;Hyundai;Venue;2003;DarkMagenta;99509;41159
16431;Pr7216;SCY;Jeep;Patriot;2019;Yellow;148346;15843
2465;Pr7170;SNR;GMC;Yukon XL;2000;LightPink;174262;30155
6052;Pr7232;CSS;Cadillac;XT7;2018;SpringGreen;131867;15229
6889;Pr7070;DOS;Lexus;HS;2011;MediumPurple;147513;42662
6176;Pr7504;DPO;Mazda;RX-7;1999;FloralWhite;255878;27109
12520;Pr7937;BMF;Buick;Riviera;2009;OldLace;190571;42846
17506;Pr7994;XVT;Mini;Roadster;2020;Thistle;138820;41461
12715;Pr7173;MKF;Acura;RSX;2020;Coral;111199;32070
13716;Pr7377;DJQ;Infiniti;QX70;2010;SteelBlue;260703;43773
3903;Pr7832;UWJ;Jaguar;XKR;2012;Aquamarine;181805;31792
14673;Pr7936;WOW;Land Rover;Range Rover LWB;2006;SaddleBrown;118101;15154
13941;Pr7757;TSE;Volvo;V90;2010;MediumBlue;67966;27007
7094;Pr7801;FCV;Mitsubishi;Galant;1998;MistyRose;31465;19562
15604;Pr7199;AMZ;Tesla;Model Semi;2014;OliveDrab;235706;24588
16164;Pr7353;FEW;Ferrari;Monza SP1;2014;LawnGreen;64965;29082
6821;Pr8082;FMN;Lamborghini;Sian;2017;MidnightBlue;97897;30028
12212;Pr8120;OYY;McLaren;720S Spider;1996;RoyalBlue;246970;17433
8551;Pr7311;MHT;Bugatti;Bolide;2008;LemonChiffon;119707;38087
16309;Pr7689;PLE;Aston-Martin;One-77;2012;NavajoWhite;147791;22694
2602;Pr7916;QBX;Rolls-Royce;Phantom Drophead Coupe;2000;MediumBlue;143851;31554
5259;Pr7513;KWZ;Maserati;Biturbo;2020;DarkGray;8644;38752
10624;Pr7216;CDB;Alfa Romeo;Montreal;2009;Chartreuse;117229;17478
12146;Pr7111;UUJ;Genesis;Mint;2003;Aquamarine;268943;24927
12812;Pr7492;CMQ;Bentley;Bentayga Mulliner;2022;DarkCyan;40627;29786
15283;Pr7165;SEL;Kia;K900;2003;RosyBrown;6125;42239
4104;Pr7853;SDF;Subaru;SVX;2017;Plum;152163;32276
9861;Pr8133;SMA;Dodge;Magnum;2007;LightBlue;249390;41275
7447;Pr7568;LHC;Ford;Ranger;2012;CornflowerBlue;89297;15045
7713;Pr7235;DXR;Chevrolet;Sonic;2007;LightPink;259124;23043
5887;Pr8178;JBF;Toyota;Land Cruiser;2010;PaleVioletRed;85047;26866
16411;Pr7468;OHT;Honda;Insight;2023;Peru;22565;38197
14361;Pr8102;JJS;Nissan;Kicks;2006;HotPink;70820;31064
8648;Pr8081;VMQ;Volkswagen;Arteon;1997;PaleGoldenRod;20708;16706
4882;Pr7215;RBB;Porsche;911 GT3;2006;Khaki;154838;20370
9922;Pr7294;ERF;BMW;i3;2021;SaddleBrown;29284;26729
5165;Pr7828;MPT;Mercedes-Benz;GLB;2023;MintCream;117683;31045
7166;Pr7552;LRN;Audi;E-Tron;2019;BlueViolet;91245;38360
7385;Pr7894;FAE;Hyundai;Nexo;1998;DeepSkyBlue;95583;38864
5125;Pr7189;NZS;Jeep;Comanche;2020;SlateBlue;73011;39552
15380;Pr7417;WUA;GMC;Sierra HD;2023;PaleGreen;212023;38963
17778;Pr7162;WBC;Cadillac;XT8;2011;MistyRose;32633;30523
12116;Pr8174;JXK;Lexus;LFA;2017;Blue;71954;29987
18549;Pr7163;YZC;Mazda;RX-8;2020;DeepPink;230336;32978
16985;Pr7039;QCR;Buick;Skylark;2018;DarkTurquoise;168619;16570
6780;Pr7243;HTY;Mini;Coupe;1999;LightBlue;30790;18174
14002;Pr7547;QFL;Acura;ZDX;1997;DarkSalmon;242500;26890
8925;Pr7555;JPD;Infiniti;QX50;1999;DarkOrange;25224;39460
5867;Pr7279;OSZ;Jaguar;XK;2012;MediumPurple;168813;37318
7466;Pr7112;GRI;Land Rover;Range Rover SVR;2009;Maroon;245578;41367
11277;Pr7974;HHR;Volvo;V60 Cross;1998;Fuchsia;186573;31585
6487;Pr7648;DUT;Mitsubishi;Diamante;2001;PaleGreen;50448;27547
12170;Pr7698;RNC;Tesla;Model ATV;2013;Bisque;85465;40173
3885;Pr7538;HGO;Ferrari;F12 Berlinetta;2016;DimGray;144855;37959
11502;Pr7628;XOZ;Lamborghini;Veneno;2019;DarkViolet;111611;43452
12839;Pr7308;WVH;McLaren;765LT;2014;LightSlateGray;221820;17712
6926;Pr7417;JKJ;Bugatti;Veyron Grand Sport;2006;MediumSeaGreen;185098;16755
10748;Pr7902;XLJ;Aston-Martin;V12 Vantage;2015;SlateBlue;261368;44957
3650;Pr8084;NNJ;Rolls-Royce;Corniche;2019;GoldenRod;250793;44431
9966;Pr7997;PQP;Maserati;Spyder;1999;Pink;32686;31971
3271;Pr7481;KSN;Alfa-Romeo;Spider;2016;BurlyWood;253175;37366
5531;Pr7106;KNH;Genesis;G90 Limousine;2023;BurlyWood;176434;28787
13484;Pr8037;YTT;Bentley;Bentayga V8;2019;DarkViolet;163290;39353
2876;Pr7237;YPR;Kia;Niro;2017;DarkSalmon;168996;22953
18182;Pr7203;EUT;Subaru;Justy;2005;Cornsilk;138616;32812
2745;Pr7257;XVS;Dodge;Avenger;2023;Black;2071;24589
8610;Pr7667;OOR;Ford;Bronco;1996;SpringGreen;67303;18981
12619;Pr7017;LFP;Chevrolet;HHR;2008;DeepSkyBlue;217794;33916
14339;Pr7882;VEU;Toyota;C-HR;2018;MidnightBlue;6602;44361
4108;Pr8015;DXL;Honda;CR-Z;1998;Purple;60893;34844
9577;Pr7886;EXX;Nissan;370Z;2014;NavajoWhite;109116;16550
4269;Pr7139;EUV;Volkswagen;Tiguan Allspace;2022;FloralWhite;136258;37810
8995;Pr7670;IHG;Porsche;Cayman GT4;2012;Peru;249853;40344
8807;Pr7090;CHZ;BMW;X6;1998;Brown;257445;33540
7470;Pr7703;OCH;Mercedes-Benz;EQC;2005;PaleGreen;58808;30710
3179;Pr7899;TJJ;Audi;S4;2000;Olive;115385;42926
14439;Pr7925;OKY;Hyundai;Ioniq;2013;LavenderBlush;84049;35355
17231;Pr7968;TOR;Jeep;Gladiator;2011;LightGreen;246917;30243
11739;Pr7161;HIV;GMC;Acadia Denali;2019;PeachPuff;135545;26970
12723;Pr7736;GPL;Cadillac;XT4;2021;DeepPink;222740;44886
17307;Pr7012;XKT;Lexus;LM;2010;BurlyWood;109387;43381
15463;Pr7854;ZAS;Mazda;RX-4;1998;Turquoise;6234;18861
2584;Pr7285;QVA;Buick;Verano;2011;Salmon;267683;33387
12859;Pr8037;KKR;Mini;Superleggera;2004;DarkGreen;108752;30030
16931;Pr8159;DBX;Acura;NSX;2010;LightSteelBlue;184205;40257
6317;Pr7823;QKD;Infiniti;QX60 Hybrid;2007;MediumVioletRed;160639;30265
4506;Pr7092;EFA;Jaguar;F-PACE SVR;2019;SlateBlue;67865;18549
9144;Pr7261;EOE;LandRover;Discovery Sport;2020;NavajoWhite;95618;37509
9035;Pr7195;WCD;Volvo;S60 Cross Country;2002;Sienna;86124;34511
7771;Pr8005;UIC;Mitsubishi;Montero;1998;Green;74257;35264
2823;Pr7275;YHM;Tesla;Model Semi Truck;2023;LightBlue;244402;21218
10291;Pr7701;ELM;Ferrari;488 Pista;1996;Orange;261058;40284
17684;Pr7099;DMU;Lamborghini;Huracan Evo;2016;Yellow;202439;25012
17223;Pr7925;UPN;McLaren;600LT Spider;2018;PaleGreen;177027;34474
8084;Pr7686;XPZ;Bugatti;Chiron Pur Sport;2003;Gold;83114;44687
4792;Pr8147;PNJ;Aston Martin;Vantage Roadster;2013;DarkOrchid;2195;43809
2537;Pr7798;PVC;Rolls-Royce;Silver Shadow;2011;DarkGoldenRod;40513;26360
4204;Pr8162;ICQ;Maserati;Sebring;2023;BlueViolet;56397;16627
13825;Pr7063;OKO;Alfa-Romeo;Brera;2003;Orchid;71067;30579
4364;Pr7569;HXN;Toyota;Camry;2016;Orchid;88958;26966
12771;Pr7957;OEC;Ford;Mustang;2013;DarkBlue;182990;25469
13026;Pr7383;HVW;Honda;Civic;2022;MediumAquaMarine;1464;33965
15567;Pr7326;HWK;Chevrolet;Corvette;2010;FireBrick;184131;19150
4001;Pr8136;YDA;BMW;3 Series;2016;Cyan;179928;36169
13795;Pr7486;LKH;Mercedes-Benz;C-Class;1998;DarkOliveGreen;140043;38611
15814;Pr8138;QAN;Volkswagen;Golf;2023;Cornsilk;91664;34961
16100;Pr8000;THB;Nissan;Altima;2005;Thistle;189164;29099
12126;Pr7379;WDW;Audi;A4;2015;LightSkyBlue;207903;31026
8337;Pr7342;AQH;Hyundai;Elantra;2007;DarkOrchid;117641;15068
14885;Pr7987;UFF;Subaru;Outback;1997;Turquoise;18108;29362
9810;Pr7235;XHS;Kia;Soul;1997;BurlyWood;236695;39225
18178;Pr7923;JRV;Porsche;911;2011;DarkOrange;262752;26022
16830;Pr7799;NPR;Dodge;Charger;2008;SpringGreen;211920;43071
11465;Pr8072;DTZ;Jeep;Wrangler;2009;Crimson;80004;19267
10267;Pr8139;NUZ;Tesla;Model S;2023;Fuchsia;220691;19368
6431;Pr7817;VES;Lexus;RX;2006;Fuchsia;214500;15344
14065;Pr7040;FLU;GMC;Sierra;2016;Purple;12730;40467
12341;Pr7359;CYW;Mazda;MX-5;2003;DarkGreen;70636;40179
3248;Pr8031;ZNF;Cadillac;Escalade;2021;AntiqueWhite;103958;26565
10411;Pr7134;MHY;Buick;Enclave;2010;Azure;97590;43552
5544;Pr7980;VHA;Mini;Cooper;2019;RoyalBlue;31861;29734
9415;Pr7876;JVF;Chrysler;300;2001;Pink;178634;33200
2650;Pr7957;PIH;Acura;MDX;2004;LightSalmon;122247;30372
7754;Pr7401;OTD;Infiniti;Q50;2013;Purple;35436;25510
9187;Pr8033;HJU;Jaguar;F-Type;2008;Indigo;229914;30063
18679;Pr7109;VQU;Land Rover;Discovery;2017;SlateBlue;113131;19883
15664;Pr7902;XQL;Volvo;XC90;2013;GoldenRod;173129;15516
17725;Pr7941;KZZ;Mitsubishi;Outlander;2004;Peru;102575;37546
14429;Pr7486;FJB;Tesla;Model 3;2022;LightSalmon;138579;39152
12736;Pr7347;UGK;Ferrari;488;2011;Magenta;25437;22663
15597;Pr7377;VPJ;Lamborghini;Huracan;2002;AliceBlue;243813;26499
14433;Pr7516;HOH;McLaren;720S;1997;ForestGreen;62379;36736
3659;Pr7538;EMY;Bugatti;Veyron;2006;FireBrick;102769;18565
2586;Pr7756;FTC;Aston-Martin;DB11;2021;DarkMagenta;39909;24277
6441;Pr7927;XPG;Rolls-Royce;Phantom;2002;Orange;178443;31869
16587;Pr7777;PWO;Maserati;GranTurismo;2008;LightGreen;163750;44419
5726;Pr7344;QCF;Alfa Romeo;Giulia;2022;DarkMagenta;127740;17516
3710;Pr7886;EUP;Genesis;G70;2020;DarkTurquoise;241834;32195
7819;Pr7126;KQF;Bentley;Continental GT;2012;MintCream;243979;15559
3927;Pr7068;OTR;Kia;Optima;2019;NavajoWhite;130641;44603
5233;Pr7718;YQL;Subaru;Impreza;2006;DarkOrchid;98286;27978
17748;Pr8160;AYZ;Dodge;Challenger;2012;Turquoise;112994;37545
18156;Pr7350;WLT;Ford;F-150;2000;OliveDrab;138415;25524
5471;Pr7915;UGG;Chevrolet;Silverado;2016;Pink;33424;38575
8591;Pr8058;GCR;Toyota;Prius;2018;MintCream;186484;41962
7925;Pr7008;VKR;Nissan;Rogue;2007;LimeGreen;99650;43134
7608;Pr8076;VIA;Honda;Fit;2015;Coral;256616;22753
16803;Pr7446;SDH;Volkswagen;Jetta;2000;SlateGray;53229;40320
13653;Pr7600;VQW;Porsche;Cayenne;2019;LightGray;21195;39731
4489;Pr7107;LCR;BMW;5 Series;2002;DarkOrange;31074;42789
6099;Pr7273;MFB;Mercedes-Benz;E-Class;2013;Magenta;122069;41418
10249;Pr7201;GZY;Audi;Q5;2005;DarkViolet;142877;39995
10607;Pr7685;CML;Hyundai;Sonata;2013;Sienna;257294;43036
2633;Pr7576;TPP;Jeep;Grand Cherokee;1997;DarkRed;202761;43516
17255;Pr8177;EKC;GMC;Acadia;1999;CornflowerBlue;78615;22030
17403;Pr7185;SON;Cadillac;CTS;2008;Gainsboro;138652;15582
7961;Pr7407;ZBB;Lexus;ES;2022;Navy;77082;20265
18716;Pr7924;TNF;Mazda;CX-5;2005;Plum;192351;16838
17369;Pr7115;YPU;Buick;Regal;1999;MediumSlateBlue;38733;30016
9681;Pr8016;GKH;Mini;Countryman;1999;Salmon;57377;29037
8313;Pr7809;HCL;Acura;RDX;1999;LemonChiffon;95034;15761
17643;Pr7644;JJK;Infiniti;QX60;2019;SteelBlue;153978;36769
6741;Pr7399;POY;Jaguar;XF;2008;Cyan;10953;38291
7023;Pr8127;EDC;Land Rover;Range Rover;2013;AntiqueWhite;227637;26923
18024;Pr7254;VFX;Volvo;S60;2010;White;159515;37380
6826;Pr8105;EPZ;Mitsubishi;Eclipse;2018;Snow;234278;21288
4536;Pr7277;PRE;Tesla;Model X;1999;SteelBlue;226879;39624
17121;Pr7228;GFY;Ferrari;F8 Tributo;2002;LightGoldenRodYellow;250010;23178
7227;Pr7440;RZF;Lamborghini;Aventador;2020;LemonChiffon;61418;39505
5032;Pr7024;IMT;McLaren;570S;2000;Turquoise;176259;20843
18694;Pr7249;GID;Bugatti;Chiron;2001;FireBrick;194148;29427
6608;Pr7341;ITA;Aston-Martin;Vantage;2004;LightPink;231678;26099
5957;Pr7126;AAM;Rolls-Royce;Wraith;1998;PaleGoldenRod;19917;36135
4736;Pr7059;SLA;Maserati;Levante;2001;LightSalmon;128576;18777
14857;Pr7116;CPI;Alfa Romeo;Stelvio;2010;Peru;220965;33120
9514;Pr7928;QHG;Genesis;G90;2017;DarkOrange;231869;42940
8262;Pr7932;EEB;Bentley;Bentayga;1997;MediumPurple;194056;30553
8427;Pr7001;ZZM;Kia;Sportage;2014;DarkSlateGray;168466;18142
13833;Pr8137;RSF;Subaru;Crosstrek;2021;Ivory;40040;44787
3456;Pr7581;SPJ;Dodge;Durango;2022;White;177723;21192
7773;Pr8045;NEW;Ford;Escape;2022;MidnightBlue;8861;34516
12455;Pr7881;SBN;Chevrolet;Equinox;2008;DodgerBlue;233510;19841
9903;Pr7568;TDZ;Toyota;RAV4;2012;MidnightBlue;53885;37222
15330;Pr7950;XAK;Honda;CR-V;2019;OliveDrab;120541;43695
7884;Pr7303;FFA;Nissan;Murano;2007;DarkSeaGreen;137504;17756
8074;Pr8082;VQH;Volkswagen;Tiguan;2021;LightSteelBlue;256459;34714
11316;Pr7625;DUH;Porsche;Panamera;2011;PaleGreen;235232;33891
5192;Pr7790;QMK;BMW;7 Series;2014;DarkGray;37734;41740
9232;Pr8179;TIH;Mercedes-Benz;S-Class;2019;Cornsilk;168431;29190
5362;Pr7997;DQC;Audi;A6;2019;Bisque;8286;31527
16313;Pr7904;ORB;Hyundai;Tucson;2006;GhostWhite;39735;30400
5073;Pr7254;EJH;Jeep;Compass;2019;Gold;157866;42154
10041;Pr8017;VHV;GMC;Terrain;2014;Bisque;17771;30474
11025;Pr7882;QTI;Cadillac;XT5;2010;Tan;43539;24693
15771;Pr7026;MJV;Lexus;GX;1996;DarkBlue;113637;26476
5364;Pr7963;ULP;Mazda;Three;2013;SkyBlue;202223;38517
5175;Pr7861;TSA;Buick;Encore;1999;LightGreen;73636;29618
14968;Pr7077;CCI;Mini;Clubman;2002;HotPink;73263;30218
7333;Pr7142;XUP;Acura;TLX;1999;LavenderBlush;51484;24990
6908;Pr8052;TYB;Infiniti;QX30;2023;White;95725;26550
6359;Pr7076;JMA;Jaguar;E-PACE;1997;Maroon;176492;21110
12250;Pr7191;MWR;Land Rover;Defender;2021;MediumAquaMarine;168186;44569
15080;Pr8122;OZQ;Volvo;V60;2008;Crimson;186984;19188
18410;Pr8167;AED;Mitsubishi;Mirage;1997;LightCoral;94300;15692
15933;Pr7525;NSS;Tesla;Model Y;2015;MidnightBlue;56890;25545
2620;Pr7055;KMT;Ferrari;SF90 Stradale;2020;Black;222487;15857
2218;Pr7236;TXV;Lamborghini;Urus;2014;MediumSeaGreen;5076;33261
15753;Pr7395;WVS;McLaren;600LT;2005;OldLace;184911;39361
16506;Pr7213;WLW;Bugatti;Divo;2012;Turquoise;24208;17526
6643;Pr7389;FVJ;Aston-Martin;Superleggera;2004;DarkSalmon;199727;21211
14416;Pr8123;KKG;Rolls-Royce;Ghost;2011;SaddleBrown;261912;17772
18238;Pr8142;SJK;Maserati;Ghibli;2001;Aquamarine;210740;37424
16495;Pr7169;CZP;Alfa Romeo;4C;2019;BlueViolet;226092;15761
11788;Pr7913;MKL;Genesis;G80;2008;Gray;2184;31301
6571;Pr7529;VRA;Bentley;Mulsanne;2005;PaleVioletRed;168170;33688
12630;Pr7656;JJF;Kia;Sorento;1999;Tomato;258433;35501
18234;Pr7979;ASV;Subaru;Legacy;2018;Snow;260671;40848
4160;Pr7855;STS;Dodge;Journey;2000;Teal;195666;31996
9319;Pr7221;RJO;Ford;Explorer;2010;Purple;61771;43074
12840;Pr7573;ZCE;Chevrolet;Traverse;2021;Black;224247;19691
15435;Pr7971;RPP;Toyota;Highlander;1999;DarkGoldenRod;223158;21413
17962;Pr7047;AHY;Honda;HR-V;2019;Black;167520;15969
15509;Pr7953;ARC;Nissan;Pathfinder;2015;LightCyan;140670;35894
6366;Pr7410;AHP;Volkswagen;Passat;2022;DarkTurquoise;208219;38566
9670;Pr7462;ZHO;Porsche;911 Turbo;2009;BlueViolet;68999;20425
7435;Pr7776;HVK;BMW;M3;2007;DeepPink;10183;17119
4366;Pr7274;VBU;Mercedes-Benz;AMG GT;1998;Gray;207077;28855
15603;Pr7797;HOT;Audi;A8;2011;AntiqueWhite;216954;26617
5522;Pr7461;NNQ;Hyundai;Santa Fe;1998;Crimson;183768;40791
2674;Pr7894;CZN;Jeep;Cherokee;2005;Maroon;205049;22504
8428;Pr7577;VEI;GMC;Yukon;2000;DarkOrchid;97745;20631
9211;Pr7169;ZWU;Cadillac;XT4;2007;LemonChiffon;39976;28253
4135;Pr7963;OYM;Lexus;LX;2001;LightCyan;173346;24305
11937;Pr7663;RTK;Mazda;CX-9;2012;LavenderBlush;182314;36237
6109;Pr7699;MWC;Buick;Cascada;2013;Beige;83062;24315
2790;Pr7573;UJW;Mini;Convertible;2014;HotPink;259082;39484
9602;Pr7827;HMU;Acura;ILX;2012;MediumOrchid;244222;20221
7830;Pr8199;ESK;Infiniti;QX80;2021;LightSkyBlue;175184;19853
18093;Pr8177;IYS;Jaguar;I-PACE;2017;MediumSeaGreen;93497;19555
3535;Pr7072;YMB;Land Rover;Range Rover Sport;2023;Silver;166967;38450
7858;Pr7633;GAI;Volvo;XC60;2007;PaleGoldenRod;203669;34702
13621;Pr7569;EJY;Mitsubishi;Lancer;2022;DarkKhaki;243182;35579
6020;Pr7834;BLV;Tesla;Model Roadster;2003;HoneyDew;107861;16580
11480;Pr7853;ZGR;Ferrari;Portofino;2000;GoldenRod;218913;24210
17304;Pr8100;HPS;Lamborghini;Gallardo;2021;LavenderBlush;3999;41519
2817;Pr7940;RPT;McLaren;650S;1997;White;204068;34872
3561;Pr7162;QSQ;Bugatti;La Voiture Noire;2023;Chartreuse;22535;16875
14655;Pr7754;YXS;Aston-Martin;Rapide;2010;SlateBlue;82533;43158
3791;Pr8016;GHF;Rolls-Royce;Cullinan;2015;Magenta;65179;25620
3596;Pr7461;PCT;Maserati;Quattroporte;2007;DarkOrchid;48873;23982
10856;Pr7405;PMZ;Alfa;Romeo 8C;2009;MediumSeaGreen;711;42409
10858;Pr7337;NMW;Genesis;GV80;2013;Yellow;221241;16972
17413;Pr7231;JWL;Bentley;Continental;2003;PaleGoldenRod;11015;25061
14087;Pr7056;DDC;Kia;Cadenza;2018;LightPink;77600;40530
9862;Pr7949;ZHZ;Subaru;Ascent;2016;RoyalBlue;60706;30310
17584;Pr7021;WBR;Dodge;Grand Caravan;1999;MediumSpringGreen;196910;16965
15068;Pr8091;JMZ;Ford;Edge;2016;Pink;208383;15083
10362;Pr7037;DBG;Chevrolet;Blazer;2007;Cornsilk;130737;19277
2037;Pr7157;AAR;Toyota;4Runner;2022;Silver;205457;26771
13960;Pr8096;IDL;Honda;Passport;2009;Tomato;249823;19125
14283;Pr7762;EKY;Nissan;Maxima;1998;MediumOrchid;157680;22671
5878;Pr7621;YZV;Volkswagen;Beetle;2002;OldLace;201208;15028
14076;Pr7699;SJM;Porsche;718 Cayman;1999;Cornsilk;106798;16940
3570;Pr7679;HBZ;BMW;X5;2017;FloralWhite;188780;43367
13610;Pr7274;HIM;Mercedes-Benz;GLC;2006;Orchid;171291;33894
6401;Pr7634;UIV;Audi;Q7;1996;Silver;203081;23185
3987;Pr7854;KAP;Hyundai;Kona;2006;Chocolate;176436;31491
13112;Pr7409;MJN;Jeep;Renegade;2023;SteelBlue;71330;40502
16437;Pr7055;VYZ;GMC;Canyon;2006;FireBrick;250622;22937
7298;Pr7131;PKK;Cadillac;XT6;2002;Green;172324;15453
4771;Pr7372;ECA;Lexus;RC;1997;DarkOrchid;82558;31327
3296;Pr8045;LYM;Mazda;CX-30;2013;OrangeRed;241503;20796
6610;Pr7172;RTH;Buick;LaCrosse;2015;MistyRose;131723;31692
13517;Pr7226;SLU;Mini;Hardtop;2013;PaleTurquoise;161391;33335
16452;Pr7685;OMS;Acura;RLX;2017;DarkSlateBlue;163322;22880
11366;Pr7624;FOF;Infiniti;Q60;2009;DarkGoldenRod;32033;36738
16883;Pr8188;BAZ;Jaguar;XJ;1999;PaleGoldenRod;195518;39316
11380;Pr7483;PLL;Land Rover;Range Rover Evoque;2005;SkyBlue;253011;20747
10530;Pr7579;PUD;Volvo;S90;2015;MediumOrchid;169340;16783
11863;Pr7057;SNA;Mitsubishi;Outlander Sport;2015;LightSeaGreen;190661;18478
9789;Pr7983;AKS;Tesla;Cybertruck;2008;LightPink;107007;19893
10045;Pr8076;URD;Ferrari;Roma;1996;LightSalmon;158419;23975
2644;Pr7050;UAL;Lamborghini;Centenario;1996;PeachPuff;205567;32540
12117;Pr7488;MPZ;McLaren;675LT;2018;OrangeRed;125883;31545
10899;Pr7477;IOU;Bugatti;Veyron Super Sport;2003;DarkBlue;155359;39185
5340;Pr7937;RXO;Aston-Martin;V8 Vantage;2007;LightBlue;53155;18547
5993;Pr7128;WSP;Rolls-Royce;Dawn;2009;Magenta;4755;44364
15613;Pr7341;YJB;Maserati;Alfieri;2005;Green;38785;38687
18083;Pr7130;LFB;Alfa;Romeo 6C;2006;PeachPuff;68079;25541
10895;Pr7258;KCY;Genesis;GV70;2020;DarkRed;133516;17361
5530;Pr8044;WDX;Bentley;Bentayga Speed;2006;RosyBrown;248590;16234
15992;Pr8105;NKK;Kia;Telluride;1998;Gray;179547;16564
9462;Pr7991;HUV;Subaru;BRZ;2021;DarkGoldenRod;44493;31230
17288;Pr7227;ZDJ;Dodge;Nitro;2010;DarkViolet;134268;16135
13866;Pr7713;IBO;Ford;Expedition;2009;IndianRed;217029;44994
18322;Pr7355;UWT;Chevrolet;Trax;2022;DarkTurquoise;84138;23955
10703;Pr8054;FDT;Toyota;Sequoia;2022;ForestGreen;46926;36445
14835;Pr7635;ANY;Honda;Element;2008;CornflowerBlue;121934;20172
11767;Pr7728;HKL;Nissan;Juke;1997;MediumAquaMarine;112543;27945
16810;Pr8134;EVN;Volkswagen;Atlas;2002;Maroon;108860;35344
14539;Pr7891;PTL;Porsche;Macan;2020;DarkCyan;42722;20475
5015;Pr7597;XKN;BMW;X3;1999;DarkSeaGreen;38887;32570
8963;Pr7632;XOY;Mercedes-Benz;GLE;1999;PowderBlue;124981;20388
11865;Pr8112;JIY;Audi;Q3;2020;PaleTurquoise;257499;44098
18021;Pr7271;GYL;Hyundai;Palisade;1996;MistyRose;109760;42164
16641;Pr8073;FMD;Jeep;Liberty;2016;DarkOliveGreen;215534;24706
15713;Pr8021;SYJ;GMC;Savana;2009;DarkSeaGreen;42100;44286
18165;Pr7572;VVN;Cadillac;CT6;2006;MediumOrchid;37021;17490
15111;Pr7354;HUR;Lexus;LS;1996;White;113340;28031
10241;Pr8060;JNW;Mazda;MX-3;2016;DarkOliveGreen;158308;40816
16798;Pr7083;LLG;Buick;Century;2016;WhiteSmoke;167564;25503
12446;Pr7268;ERN;Mini;Paceman;2013;FloralWhite;226351;41803
18338;Pr7334;IXT;Acura;TSX;2018;ForestGreen;91266;20034
16046;Pr7814;TFJ;Infiniti;QX50;1998;LightCoral;116594;43994
9142;Pr8114;NUU;Jaguar;XE;2000;DarkOrchid;83383;23969
13317;Pr7251;BCU;LandRover;Range Rover Velar;2022;Plum;58296;25757
5354;Pr7388;KEM;Volvo;XC40;2023;BlueViolet;205796;29494
6590;Pr8057;CQS;Mitsubishi;Raider;1999;Blue;165939;20557
12076;Pr7190;CHA;Tesla;Model Cybertruck;2012;SkyBlue;131500;42010
17126;Pr7584;XIV;Ferrari;812 Superfast;2013;MidnightBlue;214540;17824
17217;Pr7793;ISD;Lamborghini;Reventon;2004;Sienna;110185;33669
18654;Pr7064;NRB;McLaren;P1;2009;Pink;242755;24489
6888;Pr7305;UBG;Bugatti;Chiro Sport;2010;DarkSlateGray;27662;21416
5119;Pr7086;MFF;Aston-Martin;Valkyrie;2008;Blue;204536;28898
12863;Pr7800;VDB;Rolls-Royce;Wraith BlackBadge;2000;PaleTurquoise;187423;22458
4763;Pr7535;MZR;Maserati;Kubang;2011;Cornsilk;196444;28052
7053;Pr7421;PYS;Alfa Romeo;TZ3 Stradale;2003;SlateBlue;227701;16013
11625;Pr7673;KXK;Genesis;Essentia;2021;Black;187555;44911
6975;Pr7601;MEI;Bentley;Continental GT Speed;1997;GoldenRod;224880;26001
6468;Pr7062;QWG;Kia;Stinger;2011;White;196058;23112
5713;Pr7870;UJJ;Subaru;Tribeca;2003;Bisque;11399;30104
15175;Pr7138;RTM;Dodge;Dart;2001;DarkViolet;220193;26055
9893;Pr8016;UQM;Ford;Taurus;2002;GhostWhite;77021;20961
6639;Pr7836;LZI;Chevrolet;Spark;2014;Peru;136573;37154
18332;Pr8157;AHD;Toyota;Tundra;1999;Teal;96312;43024
4091;Pr8177;FVZ;Honda;Ridgeline;1999;Khaki;54092;23856
12811;Pr7434;OVI;Nissan;Armada;2001;Purple;147871;33472
12187;Pr7307;SAR;Volkswagen;Touareg;2004;Magenta;213524;35337
9275;Pr7252;MXE;Porsche;718 Boxster;2009;MediumAquaMarine;51140;30858
4351;Pr7651;GZA;BMW;X7;2013;DarkSlateGray;70953;25524
14808;Pr7036;MPC;Mercedes-Benz;GLA;1998;LightBlue;192979;41771
13757;Pr7803;JTU;Audi;Q8;2007;SeaGreen;98080;35282
6143;Pr7635;UPS;Hyundai;Venue;2012;MediumOrchid;83129;39006
10087;Pr8186;FBP;Jeep;Patriot;2023;Lavender;257080;42058
6624;Pr7094;TQX;GMC;Yukon XL;2005;Turquoise;249728;36874
2353;Pr7386;YKU;Cadillac;XT7;2001;MediumSlateBlue;74735;25645
17607;Pr7074;UXB;Lexus;HS;1999;OldLace;238364;39503
2174;Pr8015;ZHL;Mazda;RX-7;1996;Linen;203191;30663
14383;Pr7664;IKA;Buick;Riviera;2014;Cyan;61408;41454
4733;Pr7485;CVL;Mini;Roadster;2023;Khaki;64071;16386
17077;Pr7149;URA;Acura;RSX;2019;Aqua;105580;17069
2460;Pr7765;OAF;Infiniti;QX70;2022;Yellow;154123;32825
18630;Pr7947;GSK;Jaguar;XKR;2009;OldLace;8540;38739
4411;Pr7843;VNL;Land Rover;Range Rover LWB;2021;OldLace;210970;41901
2923;Pr7387;RZC;Volvo;V90;2010;MediumBlue;110415;38170
11365;Pr7445;NGQ;Mitsubishi;Galant;2009;DarkSlateBlue;3102;34923
16521;Pr7029;KWP;Tesla;Model Semi;1996;MediumOrchid;162701;34209
9874;Pr7620;POT;Ferrari;Monza SP1;2004;Gainsboro;130452;20313
18054;Pr8176;ZTG;Lamborghini;Sian;1997;MediumPurple;140528;42330
16939;Pr7472;ZWN;McLaren;720S Spider;2019;AliceBlue;224288;22459
13819;Pr8074;CTI;Bugatti;Bolide;2003;Yellow;243358;29917
17911;Pr7896;REQ;Aston-Martin;One-77;2005;Lime;44634;28951
14119;Pr7761;FNM;Rolls-Royce;Phantom Drophead Coupe;2015;WhiteSmoke;225156;17737
11488;Pr7319;RYV;Maserati;Biturbo;2010;SaddleBrown;202201;30771
4706;Pr7555;HVT;Alfa Romeo;Montreal;2013;FloralWhite;102322;21951
4392;Pr7698;JGX;Genesis;Mint;2016;GoldenRod;43553;23993
5758;Pr7950;VYG;Bentley;Bentayga Mulliner;2011;LightSlateGray;212236;24681
4590;Pr7572;FVT;Kia;K900;2001;Salmon;7760;21183
3548;Pr7719;LNV;Subaru;SVX;2001;LightSeaGreen;220518;40739
11378;Pr7348;QME;Dodge;Magnum;2020;Magenta;136437;19467
2038;Pr7708;GYE;Ford;Ranger;2004;Crimson;115331;43861
3121;Pr7583;FHJ;Chevrolet;Sonic;2010;Orange;25153;19052
12052;Pr8016;KFN;Toyota;Land Cruiser;2014;SkyBlue;87653;30558
5326;Pr7348;UDP;Honda;Insight;2005;Aqua;23726;43813
15722;Pr8010;GUG;Nissan;Kicks;2004;Crimson;144496;34177
7419;Pr7428;IYK;Volkswagen;Arteon;2023;SlateGray;223531;31118
2073;Pr7830;DFC;Porsche;911 GT3;2007;MidnightBlue;138765;22349
7060;Pr8103;SES;BMW;i3;2016;DarkOrchid;177731;31680
12792;Pr7462;WZO;Mercedes-Benz;GLB;2020;LavenderBlush;171694;23412
11149;Pr7813;VIC;Audi;E-Tron;2015;GreenYellow;149524;43961
12293;Pr8051;LSV;Hyundai;Nexo;2013;PeachPuff;197277;27020
12984;Pr8029;FMM;Jeep;Comanche;2000;Magenta;198394;17551
16879;Pr7675;ZHN;GMC;Sierra HD;2003;BurlyWood;215097;43490
17739;Pr7717;DUL;Cadillac;XT8;2023;Orchid;108323;20924
13656;Pr7447;XDF;Lexus;LFA;1997;DarkRed;192694;15169
6898;Pr7290;PRX;Mazda;RX-8;2018;Khaki;174445;27389
14668;Pr7050;XBV;Buick;Skylark;1997;Maroon;94771;38420
13082;Pr8107;MEV;Mini;Coupe;2000;LightGoldenRodYellow;6230;35802
2639;Pr7201;TWP;Acura;ZDX;2008;MediumSlateBlue;68266;43500
14430;Pr7876;PXD;Infiniti;QX50;2020;NavajoWhite;263256;22678
5169;Pr7861;QYM;Jaguar;XK;2007;LimeGreen;3602;29472
8830;Pr8125;AOC;Land Rover;Range Rover SVR;2017;Wheat;245555;44315
7332;Pr7902;BOI;Volvo;V60 Cross;2011;Orange;131816;28853
5444;Pr7151;HPN;Mitsubishi;Diamante;2018;White;231993;17799
6576;Pr7307;KXY;Tesla;Model ATV;2011;DarkMagenta;183727;19137
3680;Pr7939;LBB;Ferrari;F12 Berlinetta;2023;LightSteelBlue;65033;20858
5249;Pr7575;VFF;Lamborghini;Veneno;2011;DarkSeaGreen;211884;29333
2749;Pr7100;RDU;McLaren;765LT;2019;DarkGreen;80923;38137
7037;Pr7866;KOV;Bugatti;Veyron Grand Sport;2008;Yellow;70546;40976
7389;Pr7135;UCL;Aston-Martin;V12 Vantage;2014;SandyBrown;206509;26964
10049;Pr7615;WOZ;Rolls-Royce;Corniche;2018;Crimson;125425;16304
15585;Pr7945;PGF;Maserati;Spyder;2000;DodgerBlue;102054;28583
4888;Pr7916;HQI;Alfa-Romeo;Spider;1996;Bisque;155266;39334
13609;Pr7254;NUF;Genesis;G90 Limousine;2020;BlanchedAlmond;27175;32176
16233;Pr7264;PMO;Bentley;Bentayga V8;2007;Navy;45861;24751
17826;Pr8078;IRA;Kia;Niro;2001;HotPink;129053;15103
14332;Pr8039;CPB;Subaru;Justy;2009;DimGray;238981;39495
5013;Pr8064;EMA;Dodge;Avenger;2003;LawnGreen;24294;17883
5919;Pr7989;SZX;Ford;Bronco;2018;DarkOliveGreen;214437;22260
12799;Pr7217;TRS;Chevrolet;HHR;2017;CadetBlue;155140;37655
2924;Pr7597;YQP;Toyota;C-HR;2008;Black;236572;15265
16882;Pr7187;UYZ;Honda;CR-Z;2014;IndianRed;240983;17899
8242;Pr8023;WPP;Nissan;370Z;2000;Lavender;265266;20821
15863;Pr7650;TCQ;Volkswagen;Tiguan Allspace;2015;DodgerBlue;175527;15876
14179;Pr7000;XFG;Porsche;Cayman GT4;2022;Moccasin;78762;20127
9551;Pr8044;NZX;BMW;X6;2010;GreenYellow;24625;18308
16742;Pr8104;DEG;Mercedes-Benz;EQC;2014;Ivory;147586;19573
15452;Pr7668;CXW;Audi;S4;1999;DeepPink;226225;18880
16630;Pr7161;AVS;Hyundai;Ioniq;2004;Snow;93741;37300
9040;Pr7477;SEP;Jeep;Gladiator;2018;SandyBrown;46655;37576
12280;Pr7804;USM;GMC;Acadia Denali;2003;Lavender;134070;39388
15156;Pr7166;DDN;Cadillac;XT4;2008;DarkSeaGreen;209708;35398
12127;Pr7125;FWD;Lexus;LM;2003;Lavender;242618;41349
9807;Pr7718;NLO;Mazda;RX-4;2002;LightPink;32740;19987
10890;Pr7306;TJP;Buick;Verano;2009;Peru;22238;15596
6458;Pr7899;NBR;Mini;Superleggera;2018;Gold;79982;36094
7100;Pr7469;WFT;Acura;NSX;2021;SteelBlue;177526;29645
7272;Pr7622;HPT;Infiniti;QX60 Hybrid;2010;Cornsilk;207429;44023
12518;Pr7391;MEG;Jaguar;F-PACE SVR;2015;LawnGreen;113921;24262
5556;Pr7929;SBI;LandRover;Discovery Sport;2001;ForestGreen;243889;28571
17017;Pr7591;XHL;Volvo;S60 Cross Country;1996;LightYellow;60422;42801
9091;Pr7701;JOM;Mitsubishi;Montero;2010;SpringGreen;260806;30264
17440;Pr7706;ABZ;Tesla;Model Semi Truck;1996;RosyBrown;227194;32384
3974;Pr7561;DRR;Ferrari;488 Pista;2021;LawnGreen;68012;19813
2315;Pr7736;RDC;Lamborghini;Huracan Evo;2022;LightPink;14409;21338
14581;Pr7338;CJO;McLaren;600LT Spider;2017;Khaki;78496;33860
2119;Pr7279;IZS;Bugatti;Chiron Pur Sport;2017;Black;96637;24329
2868;Pr7776;UKO;Aston Martin;Vantage Roadster;2008;MediumSeaGreen;90418;25532
18607;Pr7634;CGM;Rolls-Royce;Silver Shadow;2020;Snow;150090;38517
14918;Pr7870;IYQ;Maserati;Sebring;2007;PaleGoldenRod;172320;33587
10957;Pr8012;GMZ;Alfa-Romeo;Brera;2003;LightCoral;120678;38452
12344;Pr7403;ASB;Toyota;Camry;1999;DimGray;52904;22211
11946;Pr7175;HUQ;Ford;Mustang;2008;Black;47582;43664
10862;Pr7267;DGQ;Honda;Civic;1997;Tomato;72538;35746
8132;Pr7079;MLG;Chevrolet;Corvette;2018;Silver;33310;20771
6675;Pr7528;BRE;BMW;3 Series;2006;Orange;175651;35248
17639;Pr7651;JKM;Mercedes-Benz;C-Class;2008;Gainsboro;269807;44457
10618;Pr7537;VDO;Volkswagen;Golf;2013;OldLace;71226;24790
7694;Pr7603;HTM;Nissan;Altima;2004;AliceBlue;98154;40539
2660;Pr8068;OXU;Audi;A4;2002;HoneyDew;24180;17507
13197;Pr7927;ZVJ;Hyundai;Elantra;1997;DarkTurquoise;9830;28019
15726;Pr7880;KKI;Subaru;Outback;2006;Blue;121095;17457
2578;Pr7885;NQN;Kia;Soul;2006;HoneyDew;61591;18827
2386;Pr7483;TSF;Porsche;911;2005;Gainsboro;24003;33430
10731;Pr7741;DPW;Dodge;Charger;2020;Moccasin;6541;20569
8846;Pr7970;OCZ;Jeep;Wrangler;1996;RoyalBlue;59146;16352
11260;Pr7001;XZJ;Tesla;Model S;2008;Peru;187597;33841
18443;Pr7257;MNW;Lexus;RX;2005;DarkKhaki;196288;21541
2869;Pr7330;WBP;GMC;Sierra;2021;LightGray;246226;33449
5549;Pr8062;SBF;Mazda;MX-5;2004;Purple;35692;24570
18616;Pr7862;AGX;Cadillac;Escalade;2009;LightSlateGray;174536;37540
12855;Pr7149;EUD;Buick;Enclave;2009;DarkSlateBlue;167738;28791
7116;Pr7766;KPT;Mini;Cooper;1998;Purple;236646;39947
12541;Pr7790;DTU;Chrysler;300;1999;Pink;99118;22714
3143;Pr7605;IAR;Acura;MDX;2015;GoldenRod;111894;24611
18034;Pr7112;LIT;Infiniti;Q50;2007;MediumVioletRed;320;17128
10316;Pr7873;PKW;Jaguar;F-Type;2007;DimGray;157510;40372
2979;Pr8071;XTC;Land Rover;Discovery;2017;MediumAquaMarine;141757;16470
5211;Pr7201;ETR;Volvo;XC90;2007;Salmon;204552;23675
18700;Pr7004;KOW;Mitsubishi;Outlander;2008;Brown;85746;23340
17055;Pr8084;VGA;Tesla;Model 3;2002;White;118992;41105
11288;Pr7288;JWI;Ferrari;488;2010;SeaGreen;266189;21150
6328;Pr7598;MKB;Lamborghini;Huracan;2020;HoneyDew;42729;15422
3265;Pr7321;SNB;McLaren;720S;2010;Turquoise;181886;33840
15402;Pr7721;ZPS;Bugatti;Veyron;2003;Fuchsia;127714;30938
5576;Pr8120;FEO;Aston-Martin;DB11;1999;GoldenRod;44663;40057
4045;Pr7726;LXA;Rolls-Royce;Phantom;2010;Sienna;2257;24153
6516;Pr7810;BGD;Maserati;GranTurismo;2009;DimGray;225766;41610
10627;Pr7067;JCJ;Alfa Romeo;Giulia;2015;Chartreuse;4826;40210
15766;Pr7297;NWP;Genesis;G70;2002;Maroon;52606;20889
18299;Pr7560;UNR;Bentley;Continental GT;2004;LemonChiffon;38652;44313
2394;Pr8032;HUL;Kia;Optima;2001;LightPink;209401;19458
6332;Pr7128;SJA;Subaru;Impreza;2021;LightYellow;22342;40270
3332;Pr7770;ZJK;Dodge;Challenger;2008;Orange;214908;43078
9198;Pr7599;MUF;Ford;F-150;1996;RoyalBlue;16510;24100
13800;Pr7037;GOF;Chevrolet;Silverado;2016;DarkGoldenRod;114586;31011
17338;Pr7681;YYP;Toyota;Prius;2008;DarkViolet;28589;39246
14117;Pr7839;HYA;Nissan;Rogue;1996;SlateBlue;223398;42624
2388;Pr8024;FXT;Honda;Fit;2006;Lavender;101490;35222
7489;Pr7275;GII;Volkswagen;Jetta;2016;BlueViolet;55064;33581
12220;Pr8034;JPZ;Porsche;Cayenne;2010;Maroon;175463;23423
13911;Pr7517;VGP;BMW;5 Series;2012;LightCyan;40439;28675
7794;Pr7459;DGK;Mercedes-Benz;E-Class;2004;MediumPurple;216046;36663
2298;Pr8075;ENE;Audi;Q5;2023;SeaShell;251094;33546
12955;Pr7505;KJI;Hyundai;Sonata;2005;LightSteelBlue;227302;30535
11444;Pr7008;KFQ;Jeep;Grand Cherokee;2009;Purple;80603;43325
13179;Pr7491;MNE;GMC;Acadia;2020;Khaki;191706;42885
16946;Pr7277;UQG;Cadillac;CTS;2018;PowderBlue;202754;25321
11546;Pr7950;HIS;Lexus;ES;2008;GhostWhite;154236;29741
7046;Pr7782;DCP;Mazda;CX-5;1997;Silver;103944;43213
3061;Pr7295;KRS;Buick;Regal;2009;NavajoWhite;203756;34825
5599;Pr7871;HQC;Mini;Countryman;2015;AntiqueWhite;121324;18102
18211;Pr7234;QOY;Acura;RDX;2003;DarkOrange;39422;37271
14908;Pr7717;IAB;Infiniti;QX60;2011;DarkSalmon;262164;25724
12789;Pr7344;WGI;Jaguar;XF;2019;Navy;154974;30948
17342;Pr7753;AMT;Land Rover;Range Rover;2014;Coral;25082;19861
9942;Pr7883;FPW;Volvo;S60;2012;Olive;10489;23510
14319;Pr8190;CHR;Mitsubishi;Eclipse;2005;Blue;56962;35390
13249;Pr7744;QLZ;Tesla;Model X;2015;Violet;28673;35660
4519;Pr7191;YNJ;Ferrari;F8 Tributo;2003;DimGray;191949;27951
5298;Pr8070;UNG;Lamborghini;Aventador;2023;LightGreen;199451;27473
6340;Pr7809;MKS;McLaren;570S;2002;Aqua;31006;37782
16815;Pr7029;EUM;Bugatti;Chiron;2023;BlanchedAlmond;7211;20363
7089;Pr7991;ERG;Aston-Martin;Vantage;2011;LightGreen;192384;43745
12538;Pr7893;UEC;Rolls-Royce;Wraith;2015;CornflowerBlue;78232;28740
2269;Pr7068;DXT;Maserati;Levante;2018;SeaGreen;237851;36124
2940;Pr7379;ZWS;Alfa Romeo;Stelvio;2002;DarkGray;51883;23769
16024;Pr7951;TNJ;Genesis;G90;2003;Peru;65575;44513
14397;Pr7035;RPJ;Bentley;Bentayga;2006;Red;251976;23706
4099;Pr7652;IOX;Kia;Sportage;2004;DodgerBlue;103083;21848
7670;Pr7730;RWC;Subaru;Crosstrek;2011;Cornsilk;90285;35700
5301;Pr7143;SJL;Dodge;Durango;2023;DarkBlue;171685;38831
18701;Pr7905;ZQA;Ford;Escape;2014;Magenta;246040;19356
18280;Pr7056;UDJ;Chevrolet;Equinox;2000;DodgerBlue;152022;23949
10239;Pr7440;VQP;Toyota;RAV4;2020;GreenYellow;175128;20801
10395;Pr7508;PUG;Honda;CR-V;2019;FloralWhite;236366;19638
17167;Pr7781;NTL;Nissan;Murano;2017;GhostWhite;178830;29073
12614;Pr8070;YSS;Volkswagen;Tiguan;2004;MediumTurquoise;140614;27115
13195;Pr7716;VTO;Porsche;Panamera;1999;Aquamarine;80456;22085
18446;Pr7790;WGZ;BMW;7 Series;2005;PaleVioletRed;30385;15683
13737;Pr8195;NAH;Mercedes-Benz;S-Class;2021;CornflowerBlue;236537;39813
2553;Pr7865;NQB;Audi;A6;2020;DarkSlateGray;43227;38232
6630;Pr7614;BNC;Hyundai;Tucson;2015;Silver;262482;18220
16771;Pr7632;ZLI;Jeep;Compass;2003;MediumAquaMarine;78463;27798
13038;Pr7453;KWR;GMC;Terrain;2004;DarkRed;16110;37125
16971;Pr8118;CQI;Cadillac;XT5;2000;DeepPink;65198;22743
4458;Pr7416;EKV;Lexus;GX;2015;DeepSkyBlue;11144;35955
8352;Pr7123;VCO;Mazda;Three;2013;Crimson;208277;31804
17883;Pr7788;VIG;Buick;Encore;2011;DarkKhaki;162604;27174
7215;Pr7360;ESU;Mini;Clubman;2016;DarkCyan;221105;28247
11608;Pr7244;IKZ;Acura;TLX;2012;MintCream;214979;28843
4628;Pr7621;ERQ;Infiniti;QX30;2010;Red;48497;26680
17495;Pr7136;WHR;Jaguar;E-PACE;2002;DarkBlue;213762;31440
10276;Pr7069;JWE;Land Rover;Defender;2002;LemonChiffon;63822;30006
16626;Pr7570;KES;Volvo;V60;2019;LightGoldenRodYellow;114810;23278
2061;Pr7943;AXV;Mitsubishi;Mirage;1998;MediumSpringGreen;34434;22582
17743;Pr7133;FTP;Tesla;Model Y;2023;BurlyWood;53151;31847
12005;Pr7130;TUO;Ferrari;SF90 Stradale;2019;Olive;69039;38883
18514;Pr8200;OZU;Lamborghini;Urus;2022;Maroon;177262;35904
9163;Pr7155;ERD;McLaren;600LT;2007;Salmon;51392;27408
15215;Pr7699;MQP;Bugatti;Divo;2001;FireBrick;192021;23717
17679;Pr8182;FHF;Aston-Martin;Superleggera;1999;Gainsboro;187083;18871
8263;Pr8057;XJF;Rolls-Royce;Ghost;2000;MintCream;169535;44089
16266;Pr7687;NTQ;Maserati;Ghibli;2020;Sienna;86468;31969
10228;Pr7544;MCQ;Alfa Romeo;4C;2017;Gray;29158;26250
4425;Pr7538;HLZ;Genesis;G80;2016;Beige;222940;39366
13617;Pr7267;BOG;Bentley;Mulsanne;2008;DarkViolet;6431;30393
15765;Pr7738;UDN;Kia;Sorento;2013;SaddleBrown;262171;17860
7849;Pr7135;JSA;Subaru;Legacy;2010;DarkMagenta;161485;18712
7168;Pr7905;RGY;Dodge;Journey;2015;IndianRed;85571;22305
8052;Pr7959;HYP;Ford;Explorer;2016;DarkSlateGray;46411;19155
14155;Pr7231;YUH;Chevrolet;Traverse;2007;Aquamarine;9216;39081
13295;Pr7570;HTO;Toyota;Highlander;2009;Navy;186954;22189
2150;Pr7629;EGI;Honda;HR-V;2001;Black;4645;38949
3241;Pr7623;APB;Nissan;Pathfinder;2015;DimGray;247788;37780
12764;Pr7085;MMI;Volkswagen;Passat;1998;DarkSlateBlue;124508;27020
12806;Pr7526;ENX;Porsche;911 Turbo;2008;SeaShell;80099;39827
14172;Pr7079;MHB;BMW;M3;2021;Brown;166878;19924
11517;Pr7292;MAO;Mercedes-Benz;AMG GT;2012;Tan;184783;17899
11923;Pr7634;HAM;Audi;A8;2005;NavajoWhite;223142;39375
17594;Pr7933;DAX;Hyundai;Santa Fe;2003;DarkGoldenRod;160756;20176
13508;Pr7004;MTP;Jeep;Cherokee;2005;White;221377;27721
5596;Pr8163;YCD;GMC;Yukon;2011;DarkKhaki;167696;25530
7626;Pr7405;OFC;Cadillac;XT4;2013;DarkSalmon;176945;23624
3716;Pr7417;OAE;Lexus;LX;2010;DarkOliveGreen;39388;36676
13920;Pr8120;UAC;Mazda;CX-9;2023;LightSalmon;208614;40403
16272;Pr7355;SRS;Buick;Cascada;1997;LightYellow;87944;35046
16576;Pr7480;OBB;Mini;Convertible;2016;MediumSeaGreen;120488;32512
11687;Pr7959;APR;Acura;ILX;2013;Gold;191546;40646
12941;Pr7221;YWQ;Infiniti;QX80;2002;Chartreuse;177251;21462
2440;Pr7802;FGZ;Jaguar;I-PACE;1997;Thistle;125311;44067
3338;Pr7804;UUT;Land Rover;Range Rover Sport;2022;WhiteSmoke;29523;38340
11654;Pr7981;CSE;Volvo;XC60;2013;Teal;141618;23639
3043;Pr7274;DAF;Mitsubishi;Lancer;2000;MediumBlue;45975;36656
7020;Pr7717;YUB;Tesla;Model Roadster;2009;MistyRose;2478;39273
3203;Pr7907;DIA;Ferrari;Portofino;1998;MediumBlue;240117;36991
6133;Pr7814;ATE;Lamborghini;Gallardo;1996;RosyBrown;53600;17671
10857;Pr7527;YRM;McLaren;650S;2022;DarkGoldenRod;196356;26949
8092;Pr7865;WED;Bugatti;La Voiture Noire;2020;GoldenRod;159571;17155
17235;Pr7877;RAS;Aston-Martin;Rapide;2004;SpringGreen;7802;32405
15743;Pr7983;YLR;Rolls-Royce;Cullinan;2021;LightBlue;244327;31172
7325;Pr7280;ZOQ;Maserati;Quattroporte;2016;Sienna;111762;26006
12458;Pr7923;RMB;Alfa;Romeo 8C;2013;DeepSkyBlue;269171;27886
7641;Pr7056;WLO;Genesis;GV80;2006;Maroon;182740;44747
7923;Pr7184;KXN;Bentley;Continental;2001;Silver;48496;27435
14844;Pr7998;DND;Kia;Cadenza;2007;DarkSlateBlue;40517;15796
8475;Pr7876;NJA;Subaru;Ascent;2019;DarkSeaGreen;164821;33963
3491;Pr7755;WWN;Dodge;Grand Caravan;2017;Gainsboro;250996;44097
7886;Pr7367;APS;Ford;Edge;2007;Cyan;39978;30619
2307;Pr8183;SZQ;Chevrolet;Blazer;2011;Yellow;127952;42805
16694;Pr7875;HJO;Toyota;4Runner;2007;LightYellow;162927;30912
9746;Pr7713;MAL;Honda;Passport;2021;YellowGreen;205128;43509
17406;Pr7463;FPO;Nissan;Maxima;1996;Indigo;16782;30134
12670;Pr7144;KMN;Volkswagen;Beetle;2001;BlueViolet;180151;15504
15949;Pr7091;MVQ;Porsche;718 Cayman;1997;Gold;54580;43970
7513;Pr8144;HXZ;BMW;X5;2008;DarkGray;213799;20005
17823;Pr7951;HVG;Mercedes-Benz;GLC;2014;SandyBrown;89311;21818
15403;Pr7841;BGG;Audi;Q7;1997;LightGray;156375;33270
9274;Pr7047;EKE;Hyundai;Kona;2021;HoneyDew;170307;31390
7352;Pr8147;YDG;Jeep;Renegade;2013;Chartreuse;53146;31139
13069;Pr7055;ICH;GMC;Canyon;1996;DarkGreen;56779;29508
10379;Pr7482;ICF;Cadillac;XT6;2019;Navy;55497;22928
5770;Pr7582;SMK;Lexus;RC;2019;Gainsboro;7406;39138
17399;Pr7169;PKE;Mazda;CX-30;2009;FireBrick;131046;35484
15835;Pr7429;RGE;Buick;LaCrosse;1999;Lime;58238;21964
17047;Pr7906;MPW;Mini;Hardtop;2008;DeepSkyBlue;6793;17783
12534;Pr7450;IKX;Acura;RLX;2002;LightYellow;27358;22829
8257;Pr7713;WLI;Infiniti;Q60;2020;MintCream;103874;21153
7731;Pr7779;QXM;Jaguar;XJ;2020;Olive;31951;38501
18450;Pr7952;IAA;Land Rover;Range Rover Evoque;2014;OldLace;20183;35087
14488;Pr7037;AGH;Volvo;S90;2015;SeaShell;107805;41568
16860;Pr7960;KFP;Mitsubishi;Outlander Sport;2000;Tan;193561;17763
17890;Pr7820;OVU;Tesla;Cybertruck;1997;HotPink;68299;29381
18551;Pr7035;LVP;Ferrari;Roma;2020;DarkSeaGreen;1850;27571
15963;Pr8109;LYY;Lamborghini;Centenario;2020;Azure;110826;19921
9727;Pr7966;TTL;McLaren;675LT;2021;SteelBlue;42605;34688
11143;Pr7561;KJV;Bugatti;Veyron Super Sport;1996;IndianRed;251544;30158
6621;Pr7997;NAO;Aston-Martin;V8 Vantage;2015;DarkRed;171118;27541
9659;Pr7263;CMI;Rolls-Royce;Dawn;2014;HoneyDew;107156;26320
16122;Pr7323;MNX;Maserati;Alfieri;2021;Salmon;12966;17281
7405;Pr8041;NIF;Alfa;Romeo 6C;2018;Bisque;253756;15533
12975;Pr7031;ZVS;Genesis;GV70;2014;Beige;127256;43889
9151;Pr7810;NTP;Bentley;Bentayga Speed;2019;BlueViolet;142806;17637
14493;Pr7877;LXP;Kia;Telluride;2001;LightSkyBlue;184130;39236
13386;Pr8117;PBP;Subaru;BRZ;2011;PeachPuff;268746;40161
5800;Pr7239;QEZ;Dodge;Nitro;2010;Coral;252365;30146
4963;Pr7933;ABM;Ford;Expedition;1999;DarkGreen;81007;15949
8003;Pr8129;ERK;Chevrolet;Trax;2018;AliceBlue;21234;30991
8002;Pr7413;CLK;Toyota;Sequoia;2018;Sienna;101782;43230
14806;Pr7747;KCU;Honda;Element;2002;Snow;37007;32875
2789;Pr7046;PTD;Nissan;Juke;2014;Aqua;223261;17157
15323;Pr7427;OEG;Volkswagen;Atlas;2000;DarkSlateBlue;135451;21832
5756;Pr7552;ZCU;Porsche;Macan;2020;DarkCyan;158860;38528
15757;Pr7494;IQB;BMW;X3;2013;Black;140838;38155
13638;Pr8107;EPU;Mercedes-Benz;GLE;2018;Pink;56825;20559
18140;Pr7956;FQS;Audi;Q3;1998;Aqua;23051;41520
7980;Pr7596;NPM;Hyundai;Palisade;2017;DarkGreen;66668;17758
18490;Pr7855;FRT;Jeep;Liberty;1997;LightPink;327;25070
12696;Pr7835;SNL;GMC;Savana;2008;MediumAquaMarine;180915;26071
3126;Pr7722;ZLZ;Cadillac;CT6;2023;Cornsilk;103703;37771
7639;Pr7596;MFG;Lexus;LS;1997;Lime;78940;19733
17379;Pr7137;CJN;Mazda;MX-3;2019;FloralWhite;80011;39767
5500;Pr7953;WHW;Buick;Century;2019;PowderBlue;241193;24796
16775;Pr7727;AHU;Mini;Paceman;2017;Lime;98690;18752
18253;Pr7032;HKO;Acura;TSX;2023;MediumPurple;6622;35160